Timestamp,IP,City,State,Country,Latitude,Longitude,ISP
2025-11-24 23:26:42,127.0.0.1,Hyderabad,Telangana,India,17.3850,78.4867,Demo ISP Provider
2025-11-24 23:26:48,127.0.0.1,Hyderabad,Telangana,India,17.3850,78.4867,Demo ISP Provider
2025-11-24 23:28:33,172.31.91.66,Hyderabad,Telangana,India,17.3850,78.4867,Demo ISP Provider
2025-11-24 23:48:25,172.31.91.66,Hyderabad,Telangana,India,17.3850,78.4867,Demo ISP Provider
2025-11-24 23:54:02,172.31.91.66,Hyderabad,Telangana,India,17.3850,78.4867,Demo ISP Provider
2025-11-25 00:13:58,172.31.91.66,Hyderabad,Telangana,India,17.3850,78.4867,ACT Fibernet
2025-11-25 00:16:20,172.31.91.66,Hyderabad,Telangana,India,17.3850,78.4867,ACT Fibernet
2025-11-25 00:22:31,172.31.91.66,Hyderabad,Telangana,India,17.3850,78.4867,ACT Fibernet
2025-11-25 00:30:01,172.31.91.66,Hyderabad,Telangana,India,17.3850,78.4867,ACT Fibernet
2025-11-25 00:32:29,127.0.0.1,Hyderabad,Telangana,India,17.3850,78.4867,ACT Fibernet
2025-11-25 01:04:16,172.31.91.66,Hyderabad,Telangana,India,17.3850,78.4867,ACT Fibernet
2025-11-25 01:14:29,172.31.91.66,Hyderabad,Telangana,India,17.3850,78.4867,ACT Fibernet
2025-11-25 01:40:38,127.0.0.1,Hyderabad,Telangana,India,17.3850,78.4867,ACT Fibernet
2025-11-25 01:40:59,127.0.0.1,Hyderabad,Telangana,India,17.3850,78.4867,ACT Fibernet
2026-02-05 15:13:05,127.0.0.1,Hyderabad,Telangana,India,17.3850,78.4867,ACT Fibernet
2026-02-06 11:00:21,192.168.131.249,Hyderabad,Telangana,India,17.3850,78.4867,ACT Fibernet
